gas,no,no,Gasoline in any form is not allowed in carry-on.,Gasoline in any form is not allowed in carry-on.,https://www.tsa.gov/travel/security-screening/whatcanibring/items/gasoline,10_aerosol_insectiside.jpg,TXT-KEEP OUT F CAUT NET WEIGHT FLUSHING H T TTI CB-8O TM INSECTICIDE,OBJ-Packaged goods (0.87),Liquid (0.95),Bottle (0.90),Fluid (0.87),Paint (0.85),Plastic bottle (0.85),Drink (0.82),Gas (0.77),Electric blue (0.73),Service (0.72),Plastic (0.69),,,,,,,,,
gas,no,no,Gasoline in any form is not allowed in carry-on.,Gasoline in any form is not allowed in carry-on.,https://www.tsa.gov/travel/security-screening/whatcanibring/items/gasoline,13_adhesive_flammable.jfif,TXT-LLA LORILLA,OBJ-Packaged goods (0.83),Liquid (0.92),Amber (0.85),Fluid (0.82),Automotive tire (0.80),Automotive lighting (0.78),Drink (0.76),Bottle (0.76),Gas (0.69),Cylinder (0.67),Font (0.65),,,,,,,,,
water,maybe,yes,Less than 3.4oz/100 ml allowed,All allowed.,https://www.tsa.gov/travel/security-screening/whatcanibring/items/bottled-water,15_aerosol.jfif,TXT-,OBJ-Packaged goods (0.77),OBJ-Bottled and jarred packaged goods (0.56),Hand (0.96),Liquid (0.95),Bottle (0.95),Drinkware (0.94),White (0.92),Fluid (0.87),Glass bottle (0.87),Water (0.86),Water bottle (0.86),Finger (0.86),,,,,,,,
gas,no,no,Gasoline in any form is not allowed in carry-on.,Gasoline in any form is not allowed in carry-on.,https://www.tsa.gov/travel/security-screening/whatcanibring/items/gasoline,17_scuba_tanks.jfif,TXT-,OBJ-Container (0.65),Liquid (0.95),Fluid (0.87),Bottle (0.80),Gas (0.78),Cylinder (0.74),Composite material (0.68),Fashion accessory (0.66),Metal (0.64),Titanium (0.63),Electric blue (0.60),,,,,,,,,
gun,no,maybe,Firearms are not allowed in carry-on baggage.,Check with your airline to see if they allow firearms in checked bags.,https://www.tsa.gov/travel/security-screening/whatcanibring/items/bb-guns,19_firearm.jfif,TXT-,Air gun (0.90),Trigger (0.89),Gun barrel (0.81),Machine gun (0.80),Wood (0.79),Gun accessory (0.76),Metal (0.62),Composite material (0.55),Recreation (0.53),Gas (0.53),,,,,,,,,,
bullet,no,maybe,Ammunation is not allowed in carry-on baggage.,Check with your airline if ammunition is allowed in checked bags.Â Small arms ammunitions must be securely packed in fiber/wood or metal boxes or other packaging specifically designed to carry small amounts of ammunition.,https://www.tsa.gov/travel/security-screening/whatcanibring/items/ammunition,20_cartridge.jfif,TXT-,OBJ-Pen (0.62),Cone (0.83),Tints and shades (0.76),Bullet (0.72),Office supplies (0.72),Gun accessory (0.71),Metal (0.68),Lipstick (0.65),Ammunition (0.63),Liquid (0.59),Magenta (0.58),,,,,,,,,
gun,no,maybe,Firearms are not allowed in carry-on baggage.,Check with your airline to see if they allow firearms in checked bags.,https://www.tsa.gov/travel/security-screening/whatcanibring/items/bb-guns,21_shells.jfif,TXT-,OBJ-Packaged goods (0.80),OBJ-Packaged goods (0.75),OBJ-Packaged goods (0.74),OBJ-Packaged goods (0.67),OBJ-Packaged goods (0.64),OBJ-Packaged goods (0.64),OBJ-Packaged goods (0.58),OBJ-Packaged goods (0.57),OBJ-Packaged goods (0.56),OBJ-Packaged goods (0.51),Office supplies (0.85),Lipstick (0.85),Writing implement (0.85),Gun accessory (0.73),Font (0.68),Fashion accessory (0.67),Cylinder (0.67),Event (0.65),Metal (0.65),Battery (0.63)
battery,maybe,maybe,Dry batteries are allowed in both check-in and carry-on. Spillable batteries and Lithium ion batteries with 100+ watt hours are not allowed in both. Please check more info.,Lithium batteries are not allowed in check-in luggage. Please check more info for other details.,https://www.tsa.gov/travel/security-screening/whatcanibring/all?combine=Devices&page=1,22_lithium_battery.jpg,TXT-1.5V OLUME Enegitech AA Lithium Battery Professional on Batteries and Chargers wwww 3000mAh,OBJ-Battery (0.84),Liquid (0.93),Cosmetics (0.86),Fluid (0.86),Cylinder (0.79),Battery (0.77),Tints and shades (0.77),Paint (0.75),Service (0.73),Electric blue (0.72),Font (0.68),,,,,,,,,
laptop,yes,yes,Devices are allowed in carry-on baggage.,Devices are allowed in check-in baggage.,https://www.tsa.gov/travel/security-screening/whatcanibring/items/laptops,28_power_bank.jpg,TXT-,Laptop accessory (0.83),Gadget (0.81),Rectangle (0.78),Electronic device (0.75),Font (0.74),Multimedia (0.73),Cable (0.67),Electronic component (0.66),Computer component (0.65),Transparency (0.62),,,,,,,,,,
knife,no,yes,Tools that could be used as bludgeon are not allowed in carry-on baggage.,Any sharp objects in checked bags should be sheathed or securely wrapped to prevent injury to baggage handlers and inspectors.,https://www.tsa.gov/travel/security-screening/whatcanibring/items/axes-and-hatchets,30_knife.jfif,TXT-,OBJ-Kitchen knife (0.90),Tool (0.84),Knife (0.83),Kitchen utensil (0.79),Blade (0.79),Metal (0.67),Composite material (0.67),Household hardware (0.67),Natural material (0.66),Titanium (0.63),Everyday carry (0.63),,,,,,,,,
battery,maybe,maybe,Dry batteries are allowed in both check-in and carry-on. Spillable batteries and Lithium ion batteries with 100+ watt hours are not allowed in both. Please check more info.,Lithium batteries are not allowed in check-in luggage. Please check more info for other details.,https://www.tsa.gov/travel/security-screening/whatcanibring/all?combine=Devices&page=1,31_drycell_battery.jpg,TXT-2000 AA DURACELL MN1500 LR6 1.5 VOLTS ALKALINE BATTERY,OBJ-Battery (0.90),Brown (0.98),Battery (0.85),Multipurpose battery (0.81),Plant (0.79),Cosmetics (0.79),Cylinder (0.79),Tints and shades (0.77),Font (0.74),Drink (0.66),Liquid (0.63),,,,,,,,,
gas,no,no,Gasoline in any form is not allowed in carry-on.,Gasoline in any form is not allowed in carry-on.,https://www.tsa.gov/travel/security-screening/whatcanibring/items/gasoline,34_gasoline.jfif,TXT-,OBJ-Portable stove (0.61),Bottle (0.86),Plant (0.85),Cylinder (0.78),Gas (0.78),Fender (0.78),Grass (0.73),Automotive wheel system (0.73),Automotive lighting (0.72),Plastic (0.70),Auto part (0.69),,,,,,,,,
scissors,no,yes,Tools that could be used as bludgeon are not allowed in carry-on baggage.,Any sharp objects in checked bags should be sheathed or securely wrapped to prevent injury to baggage handlers and inspectors.,https://www.tsa.gov/travel/security-screening/whatcanibring/items/axes-and-hatchets,38_scissors.jfif,TXT-,OBJ-Scissors (0.94),Tool (0.89),Scissors (0.89),Office instrument (0.88),Office supplies (0.81),Material property (0.80),Font (0.77),Eyewear (0.76),Bicycle part (0.75),Electric blue (0.73),Eye glass accessory (0.73),,,,,,,,,
computer,yes,yes,Devices are allowed in carry-on baggage.,Devices are allowed in check-in baggage.,https://www.tsa.gov/travel/security-screening/whatcanibring/items/laptops,4_labtop.jfif,TXT-,OBJ-Laptop (0.95),OBJ-Computer keyboard (0.73),Computer (0.98),Personal computer (0.96),Laptop (0.95),Touchpad (0.94),Netbook (0.93),Input device (0.92),Output device (0.92),Webcam (0.91),Space bar (0.89),Table (0.88),,,,,,,,
gas,no,no,Gasoline in any form is not allowed in carry-on.,Gasoline in any form is not allowed in carry-on.,https://www.tsa.gov/travel/security-screening/whatcanibring/items/gasoline,5_laptop.jpg,TXT-,OBJ-Table (0.62),Rectangle (0.86),Wood (0.85),Grey (0.84),Road surface (0.84),Floor (0.83),Asphalt (0.83),Composite material (0.80),Gas (0.78),Flooring (0.77),Tints and shades (0.76),,,,,,,,,
laptop,yes,yes,Devices are allowed in carry-on baggage.,Devices are allowed in check-in baggage.,https://www.tsa.gov/travel/security-screening/whatcanibring/items/laptops,6_laptop.jpg,TXT-M India,OBJ-Luggage & bags (0.82),Netbook (0.95),Laptop (0.93),Granny smith (0.87),Sleeve (0.86),Gesture (0.85),Gadget (0.84),Laptop part (0.81),Material property (0.80),Computer (0.80),Wallet (0.77),,,,,,,,,
shoe,yes,yes,Shoes are allowed in carry-on baggage.,Shoes are allowed in check-in baggage.,https://www.tsa.gov/travel/security-screening/whatcanibring/items/belts-clothes-and-shoes,ALLOWED_baby_carrier.jpg,TXT-,OBJ-Backpack (0.75),Bag (0.83),Luggage and bags (0.75),Electric blue (0.74),Outdoor shoe (0.72),Font (0.71),Fashion accessory (0.68),Strap (0.62),Sports gear (0.62),Personal protective equipment (0.58),Athletic shoe (0.56),,,,,,,,,
ball,yes,yes,Balls are allowed in carry-on baggage.,Balls are allowed in check-in baggage.,https://www.tsa.gov/travel/security-screening/whatcanibring/all?combine=&page=2,ALL_basket_ball.jpg,TXT-eoeote Laather DN,OBJ-Basketball (0.97),Basketball (0.99),Sports equipment (0.95),Ball (0.89),Basketball (0.88),Wood (0.88),Basketball court (0.82),Wood stain (0.81),Flooring (0.80),Hardwood (0.79),Tints and shades (0.76),,,,,,,,,
belt,yes,yes,Belts are allowed in carry-on baggage.,Belts are allowed in check-in baggage.,https://www.tsa.gov/travel/security-screening/whatcanibring/items/belts-clothes-and-shoes,ALL_belts.jpg,TXT-,OBJ-Belt (0.96),Product (0.91),Automotive lighting (0.89),Rectangle (0.83),Automotive tire (0.81),Material property (0.80),Font (0.79),Auto part (0.77),Electric blue (0.73),Synthetic rubber (0.73),Belt (0.72),,,,,,,,,
belt,yes,yes,Belts are allowed in carry-on baggage.,Belts are allowed in check-in baggage.,https://www.tsa.gov/travel/security-screening/whatcanibring/items/belts-clothes-and-shoes,ALL_belt_1.jpg,TXT-,OBJ-Belt (0.97),Belt buckle (0.91),Belt (0.81),Rectangle (0.78),Bag (0.77),Collar (0.75),Electric blue (0.73),Gadget (0.72),Strap (0.71),Watch accessory (0.70),Jewellery (0.70),,,,,,,,,
bullet,no,maybe,Ammunation is not allowed in carry-on baggage.,Check with your airline if ammunition is allowed in checked bags.Â Small arms ammunitions must be securely packed in fiber/wood or metal boxes or other packaging specifically designed to carry small amounts of ammunition.,https://www.tsa.gov/travel/security-screening/whatcanibring/items/ammunition,ALL_binoculars.jpg,TXT-2123RF® O123RF 0123RF 123RF,OBJ-Binoculars (0.97),Wood (0.86),Automotive lighting (0.83),Drinkware (0.82),Bullet (0.82),Opera glasses (0.81),Cylinder (0.77),Household hardware (0.77),Gun accessory (0.74),Personal protective equipment (0.73),Ammunition (0.72),,,,,,,,,
beer,maybe,yes,Mini bottles of alcohol in carry-on must be able to comfortably fit into a single quart-sized bag.,Alcoholic beverages with more than 24% but not more than 70% alcohol are limited in checked bags to 5 liters (1.3 gallons) per passenger and must be in unopened retail packaging. Alcoholic beverages with 24% alcohol or less are not subject to limitations in checked bags.Â Alcohol beverages with more than 70% alcohol are not allowed in check-in or cabin.,https://www.tsa.gov/travel/security-screening/whatcanibring/items/alcoholic-beverages,ALL_bottle_opener.jpg,TXT-,OBJ-Kitchenware (0.89),OBJ-Tableware (0.73),OBJ-Food (0.53),Hand tool (0.94),Wood (0.88),Tool (0.84),Tableware (0.83),Kitchen utensil (0.81),Crosscut saw (0.81),Wrench (0.81),Ingredient (0.78),Leaf vegetable (0.75),Beer (0.75),,,,,,,
tobacco,yes,yes,Cigerattes are allowed in carry-on baggage.,Cigerattes are allowed in check-in baggage.,https://www.tsa.gov/travel/security-screening/whatcanibring/items/cigarettes,ALL_cig.jpg,TXT-20 CLAS S A CIGARETTES FSC 02835727 CIGA RET TES PM USA mper Marlhurn Marlboro PHILIP MORRIS USA RICHMOND, VA 23261,OBJ-1D barcode (0.94),Tobacco (0.90),Cigarette (0.87),Font (0.83),Material property (0.80),Packing materials (0.78),Carton (0.77),Packaging and labeling (0.74),Rectangle (0.72),Tobacco products (0.67),Carmine (0.67),,,,,,,,
tobacco,yes,yes,Cigerattes are allowed in carry-on baggage.,Cigerattes are allowed in check-in baggage.,https://www.tsa.gov/travel/security-screening/whatcanibring/items/cigarettes,ALL_cigarjpg.jpg,TXT-Na Ma Caoo,OBJ-Packaged goods (0.84),OBJ-Packaged goods (0.75),OBJ-Packaged goods (0.74),OBJ-Packaged goods (0.61),Tobacco (0.89),Cigarette (0.86),Cigar (0.78),Chemical compound (0.69),Wood (0.68),Tobacco products (0.67),Font (0.63),Box (0.55),Packaging and labeling (0.55),Brand (0.54),,,,,,
ball,yes,yes,Balls are allowed in carry-on baggage.,Balls are allowed in check-in baggage.,https://www.tsa.gov/travel/security-screening/whatcanibring/all?combine=&page=2,ALL_cricket_ball.jpg,TXT-ETHER,OBJ-Cricket ball (0.82),Sports equipment (0.90),Ball (0.88),Tile flooring (0.78),Gas (0.78),Wood (0.78),Tints and shades (0.77),Magenta (0.76),Flooring (0.74),Circle (0.73),Cricket ball (0.71),,,,,,,,,
battery,maybe,maybe,Dry batteries are allowed in both check-in and carry-on. Spillable batteries and Lithium ion batteries with 100+ watt hours are not allowed in both. Please check more info.,Lithium batteries are not allowed in check-in luggage. Please check more info for other details.,https://www.tsa.gov/travel/security-screening/whatcanibring/all?combine=Devices&page=1,ALL_dry_batteries.jpg,TXT-Green energy, easy life 1.5V Extra heavy duty CAUTION:May explode or leak if recharged inserted improperly or disposed of in fire D not onan haen R6P.AA.UM-3 ROP.AA.UM-3 1.5V Extra heavy duty PK CELL R Green enerex easr e ROP.AA.UM-3 R6P.AA.UM-3 MERCURY& CADMIUM FREE 1.5V Extra heavy duty R6P.AA.UM-3 MERCURY&CADMIUM FREE 1.5V Extra heavy duty PLCEL PLCEI,OBJ-Battery (0.90),OBJ-Battery (0.89),OBJ-Battery (0.86),OBJ-Battery (0.86),OBJ-Battery (0.83),OBJ-Battery (0.80),OBJ-Battery (0.80),OBJ-Battery (0.74),Liquid (0.93),Tin (0.90),Drink (0.84),Aluminum can (0.82),Packaging and labeling (0.79),Font (0.79),Soft drink (0.78),Cylinder (0.78),Beverage can (0.77),Battery (0.73),
flashlight,yes,yes,Flashlights are allowed in carry-on baggage.,Flashlight are allowed in check-in baggage.,https://www.tsa.gov/travel/security-screening/whatcanibring/items/flashlights,ALL_flashlight-2400x1600.jpg,TXT-NIXUC35,OBJ-Flashlight (0.67),Microphone (0.95),Camera accessory (0.83),Audio equipment (0.80),Gadget (0.79),Electronic device (0.73),Multimedia (0.71),Cable (0.68),Font (0.68),Metal (0.65),Cylinder (0.64),,,,,,,,,
ball,yes,yes,Balls are allowed in carry-on baggage.,Balls are allowed in check-in baggage.,https://www.tsa.gov/travel/security-screening/whatcanibring/all?combine=&page=2,ALL_football.jpg,TXT-,OBJ-Football (0.93),Sports equipment (0.94),Football (0.90),Ball (0.88),Wood (0.82),Soccer (0.80),Soccer ball (0.77),Ball game (0.73),Beach soccer (0.70),Sports (0.69),Team sport (0.65),,,,,,,,,
ball,yes,yes,Balls are allowed in carry-on baggage.,Balls are allowed in check-in baggage.,https://www.tsa.gov/travel/security-screening/whatcanibring/all?combine=&page=2,ALL_football_display.jpg,TXT-APC NATIONAL FOOTBALL LEAGUE Wiban Knader er glass GasslieplayCases com AcryseDiapiayCases.com FREE ENGKAVING CIEAHALTER,OBJ-Rugby ball (0.95),OBJ-Luggage & bags (0.55),Tableware (0.95),Serveware (0.79),Dishware (0.78),Gas (0.78),Cookware and bakeware (0.77),Sculpture (0.77),Barware (0.72),Art (0.71),Drink (0.71),Glass (0.70),,,,,,,,
shoe,yes,yes,Shoes are allowed in carry-on baggage.,Shoes are allowed in check-in baggage.,https://www.tsa.gov/travel/security-screening/whatcanibring/items/belts-clothes-and-shoes,ALL_High-Heel-Damage-To-Hardwood-Floors.jpg,TXT-,OBJ-Shoe (0.96),OBJ-Shoe (0.95),Wood (0.88),Beige (0.84),Flooring (0.83),Floor (0.83),Hardwood (0.80),Laminate flooring (0.78),Wood stain (0.78),Plank (0.74),Human leg (0.73),Plywood (0.72),,,,,,,,
shoe,yes,yes,Shoes are allowed in carry-on baggage.,Shoes are allowed in check-in baggage.,https://www.tsa.gov/travel/security-screening/whatcanibring/items/belts-clothes-and-shoes,ALL_holidays-heels.jpg,TXT-,OBJ-Shoe (0.94),OBJ-Shoe (0.83),Footwear (0.98),Leg (0.92),Human body (0.89),Basic pump (0.88),Wood (0.87),High heels (0.77),Beige (0.74),Hardwood (0.72),Foot (0.72),Varnish (0.71),,,,,,,,
flashlight,yes,yes,Flashlights are allowed in carry-on baggage.,Flashlight are allowed in check-in baggage.,https://www.tsa.gov/travel/security-screening/whatcanibring/items/flashlights,ALL_LED_Flashlights.jpg,TXT-,OBJ-Flashlight (0.95),OBJ-Flashlight (0.94),Automotive tire (0.93),Camera accessory (0.90),Window (0.87),Cameras & optics (0.83),Bumper (0.82),Wood (0.81),Rim (0.80),Automotive wheel system (0.79),Gas (0.78),Font (0.75),,,,,,,,
ball,yes,yes,Balls are allowed in carry-on baggage.,Balls are allowed in check-in baggage.,https://www.tsa.gov/travel/security-screening/whatcanibring/all?combine=&page=2,ALL_rugby-ball.jpg,TXT-adidas TORPEDO RESPECT aasiCHALLENGE LUR MAICHe,OBJ-Rugby ball (0.97),Sports equipment (0.95),Football (0.93),Playing sports (0.92),Ball (0.89),Plant (0.89),Player (0.84),Grass (0.82),Soccer ball (0.80),Rugby ball (0.80),Wood (0.80),,,,,,,,,
water,maybe,yes,Less than 3.4oz/100 ml allowed,All allowed.,https://www.tsa.gov/travel/security-screening/whatcanibring/items/bottled-water,ALL_sandals.jpg,TXT-PORF 2 123 23RF 123RF 123RF 123RF,OBJ-Sandal (0.88),OBJ-Sandal (0.86),Water (0.98),Azure (0.89),Table (0.89),Wood (0.89),Plant (0.87),Outdoor furniture (0.85),Road surface (0.84),Lake (0.79),Leisure (0.79),Tree (0.77),,,,,,,,
shoe,yes,yes,Shoes are allowed in carry-on baggage.,Shoes are allowed in check-in baggage.,https://www.tsa.gov/travel/security-screening/whatcanibring/items/belts-clothes-and-shoes,ALL_shoes.jpg,TXT-,OBJ-Shoe (0.91),OBJ-Shoe (0.77),Wood (0.88),Wood stain (0.81),Hardwood (0.80),Flooring (0.79),Walking shoe (0.78),Varnish (0.78),Plank (0.76),Cutlery (0.75),Athletic shoe (0.71),Plywood (0.70),,,,,,,,
shoe,yes,yes,Shoes are allowed in carry-on baggage.,Shoes are allowed in check-in baggage.,https://www.tsa.gov/travel/security-screening/whatcanibring/items/belts-clothes-and-shoes,ALL_shoes_1.jpg,TXT-,OBJ-Shoe (0.90),OBJ-Shoe (0.85),OBJ-Footwear (0.79),Footwear (0.98),Shoe (0.95),Walking shoe (0.86),Wood (0.86),Flooring (0.79),Sneakers (0.77),Beige (0.74),Font (0.74),Outdoor shoe (0.72),Hardwood (0.72),,,,,,,
trimmer,yes,yes,Trimmers are allowed in carry-on baggage.,Trimmers are allowed in check-in baggage.,https://www.tsa.gov/travel/security-screening/whatcanibring/items/electric-razors,ALL_trimmer.jpg,TXT-PHILIPS PHORELCO Onelade,OBJ-Grooming trimmer (0.96),Tire (0.94),Automotive tire (0.88),Liquid (0.82),Drink (0.81),Font (0.77),Tints and shades (0.75),Bottle (0.73),Cylinder (0.73),Automotive wheel system (0.73),Rim (0.71),,,,,,,,,
trimmer,yes,yes,Trimmers are allowed in carry-on baggage.,Trimmers are allowed in check-in baggage.,https://www.tsa.gov/travel/security-screening/whatcanibring/items/electric-razors,ALL_trimmers.jpg,TXT-PHILIPS NORELCO Series 1000,OBJ-Grooming trimmer (0.97),Camera accessory (0.84),Audio equipment (0.81),Cylinder (0.76),Gadget (0.74),Font (0.72),Communication Device (0.69),Auto part (0.65),Bicycle part (0.64),Multimedia (0.63),Carbon (0.63),,,,,,,,,
beer,maybe,yes,Mini bottles of alcohol in carry-on must be able to comfortably fit into a single quart-sized bag.,Alcoholic beverages with more than 24% but not more than 70% alcohol are limited in checked bags to 5 liters (1.3 gallons) per passenger and must be in unopened retail packaging. Alcoholic beverages with 24% alcohol or less are not subject to limitations in checked bags.Â Alcohol beverages with more than 70% alcohol are not allowed in check-in or cabin.,https://www.tsa.gov/travel/security-screening/whatcanibring/items/alcoholic-beverages,beer_can_on_table.jpg,TXT-Ay any other Dre exclusive Beechwood Aning produces a tasta, ma and a drinkability you will find in no other beer d NED AB TRADE MARK REGIS Budwo vel KING OF BEER WED BY OUR ORIGINAL CEST HOPS, RICE AND BEST HEUSER BUSC PROCE LUROP AFRICA,OBJ-Packaged goods (0.81),Tin (0.97),Beverage can (0.96),Aluminum can (0.95),Tin can (0.93),Beer (0.90),Drink (0.86),Alcoholic beverage (0.82),Ingredient (0.81),Soft drink (0.80),Cylinder (0.79),,,,,,,
beer,maybe,yes,Mini bottles of alcohol in carry-on must be able to comfortably fit into a single quart-sized bag.,Alcoholic beverages with more than 24% but not more than 70% alcohol are limited in checked bags to 5 liters (1.3 gallons) per passenger and must be in unopened retail packaging. Alcoholic beverages with 24% alcohol or less are not subject to limitations in checked bags.Â Alcohol beverages with more than 70% alcohol are not allowed in check-in or cabin.,https://www.tsa.gov/travel/security-screening/whatcanibring/items/alcoholic-beverages,beer_in_hand.jpg,TXT-Cran-bi New Glarus Bing,OBJ-Footwear (0.85),OBJ-Bottled and jarred packaged goods (0.79),OBJ-Person (0.74),OBJ-Person (0.57),Hand (0.96),Bottle (0.95),Glass bottle (0.87),Finger (0.84),Drink (0.84),Beer (0.83),Alcoholic beverage (0.83),Beer bottle (0.80),Nail (0.79),Thumb (0.76),,,,,,
gas,no,no,Gasoline in any form is not allowed in carry-on.,Gasoline in any form is not allowed in carry-on.,https://www.tsa.gov/travel/security-screening/whatcanibring/items/gasoline,binoculars.jpg,TXT-123RF 123RF,OBJ-Binoculars (0.94),Camera lens (0.89),Wood (0.87),Camera accessory (0.86),Audio equipment (0.82),Gadget (0.81),Lens (0.78),Gas (0.77),Cameras & optics (0.77),Cable (0.76),Auto part (0.71),,,,,,,,,
gun,no,maybe,Firearms are not allowed in carry-on baggage.,Check with your airline to see if they allow firearms in checked bags.,https://www.tsa.gov/travel/security-screening/whatcanibring/items/bb-guns,bullets_in_hand.jpg,TXT-,OBJ-Packaged goods (0.81),OBJ-Packaged goods (0.70),OBJ-Packaged goods (0.67),OBJ-Packaged goods (0.61),Finger (0.85),Material property (0.80),Gun accessory (0.74),Thumb (0.74),Nail (0.73),Household hardware (0.70),Metal (0.69),Fashion accessory (0.67),Ammunition (0.67),Bullet (0.65),,,,,,
alcoholic,maybe,yes,Mini bottles of alcohol in carry-on must be able to comfortably fit into a single quart-sized bag.,Alcoholic beverages with more than 24% but not more than 70% alcohol are limited in checked bags to 5 liters (1.3 gallons) per passenger and must be in unopened retail packaging. Alcoholic beverages with 24% alcohol or less are not subject to limitations in checked bags.Â Alcohol beverages with more than 70% alcohol are not allowed in check-in or cabin.,https://www.tsa.gov/travel/security-screening/whatcanibring/items/alcoholic-beverages,chivas_in_hand.jpg,TXT-SPECIA INARA BUNAITEACHO TREIBHIRE FOUNDED 1801 CHIVAS REGAL MIZUNARA BLENDED FROM A HAND SELECTION OF THE FINEST MALT AND GRAIN WHISKIES THIS SPECIAL EDITION HAS AN EXCEPTIONAL SMOOTH CHARACTER AND FINISH BLENDED SCOTCH WHISKY SPECIAL EDITION MUNARA HAS BEEN PECIALLYTOR THE CHRRY ENTHUSIAST SMOOTH AND AEL TOUCH OF STICE HS SIGNATURE CHIFAS Colin Set OROCE CHIVAS GROTHERS DISTILLERS KETSOH MASTER BLENDER OF CHIVAS REGAL,OBJ-Packaged goods (0.83),Bottle (0.96),Liquid (0.95),Solution (0.87),Fluid (0.87),Drink (0.85),Glass bottle (0.84),Alcoholic beverage (0.83),Alcohol (0.73),Solvent (0.71),Bottle cap (0.70),,,,,,,,,
alcoholic,maybe,yes,Mini bottles of alcohol in carry-on must be able to comfortably fit into a single quart-sized bag.,Alcoholic beverages with more than 24% but not more than 70% alcohol are limited in checked bags to 5 liters (1.3 gallons) per passenger and must be in unopened retail packaging. Alcoholic beverages with 24% alcohol or less are not subject to limitations in checked bags.Â Alcohol beverages with more than 70% alcohol are not allowed in check-in or cabin.,https://www.tsa.gov/travel/security-screening/whatcanibring/items/alcoholic-beverages,corona_in_hand.jpg,TXT-Corona Extra LA CERVEZA MAS FINA BEER Bwed and kottled by CERVECERIA MODELO MEXICO 12 FL,OBJ-Packaged goods (0.87),OBJ-Packaged goods (0.62),OBJ-Bottled and jarred packaged goods (0.62),OBJ-Packaged goods (0.60),Bottle (0.96),Liquid (0.95),Bottle cap (0.89),Fluid (0.87),Solution (0.87),Drinkware (0.85),Alcoholic beverage (0.84),Glass bottle (0.83),Amber (0.82),Drink (0.81),,,,,,
gas,no,no,Gasoline in any form is not allowed in carry-on.,Gasoline in any form is not allowed in carry-on.,https://www.tsa.gov/travel/security-screening/whatcanibring/items/gasoline,flameless-cigarette-lighter-250x250.jpg,TXT-,Liquid (0.92),Fluid (0.87),Gesture (0.85),Communication Device (0.85),Finger (0.84),Gadget (0.82),Thumb (0.80),Font (0.77),Gas (0.77),Tints and shades (0.76),,,,,,,,,,
scissors,no,yes,Tools that could be used as bludgeon are not allowed in carry-on baggage.,Any sharp objects in checked bags should be sheathed or securely wrapped to prevent injury to baggage handlers and inspectors.,https://www.tsa.gov/travel/security-screening/whatcanibring/items/axes-and-hatchets,n_n_gunlighter.jfif,TXT-,OBJ-Scissors (0.75),Vision care (0.93),Eye glass accessory (0.88),Eyewear (0.79),Tints and shades (0.77),Personal protective equipment (0.75),Font (0.74),Auto part (0.70),Glass (0.67),Fashion accessory (0.66),Paint (0.61),,,,,,,,,
gas,no,no,Gasoline in any form is not allowed in carry-on.,Gasoline in any form is not allowed in carry-on.,https://www.tsa.gov/travel/security-screening/whatcanibring/items/gasoline,n_n_liquidBleach.jpg,TXT-33% MORE S IOR a CLOROX Germicidal Bleach. Kills 99.9% of Germs S K Hold and Mildew Oininates Odon, Whitens and Deecti alallliilaitata lild.alla,OBJ-Bottle (0.84),Liquid (0.95),Bottle (0.89),Fluid (0.87),Household supply (0.85),Personal care (0.81),Plastic bottle (0.79),Gas (0.78),Service (0.77),Bottle cap (0.72),Plastic (0.70),,,,,,,,
knife,no,yes,Tools that could be used as bludgeon are not allowed in carry-on baggage.,Any sharp objects in checked bags should be sheathed or securely wrapped to prevent injury to baggage handlers and inspectors.,https://www.tsa.gov/travel/security-screening/whatcanibring/items/axes-and-hatchets,n_y_kirpans.jfif,TXT-SInhMusepm com,OBJ-Knife (0.90),Watch (0.86),Blade (0.72),Knife (0.71),Tool (0.69),Dagger (0.69),Natural material (0.68),Metal (0.67),Fashion accessory (0.67),Everyday carry (0.66),Wood (0.66),,,,,,,,,
gas,no,no,Gasoline in any form is not allowed in carry-on.,Gasoline in any form is not allowed in carry-on.,https://www.tsa.gov/travel/security-screening/whatcanibring/items/gasoline,n_y_magic8Ball.jfif,TXT-Netix & Chll,OBJ-Alarm clock (0.89),Camera lens (0.89),Camera accessory (0.85),Cameras & optics (0.81),Automotive tire (0.81),Lens (0.80),Rim (0.80),Gas (0.77),Carbon (0.76),Electric blue (0.74),Automotive wheel system (0.71),,,,,,,,,
gas,no,no,Gasoline in any form is not allowed in carry-on.,Gasoline in any form is not allowed in carry-on.,https://www.tsa.gov/travel/security-screening/whatcanibring/items/gasoline,res_y_liquidsoap.jfif,TXT-STRAWBERRY SHOMER GEL FRAISE L DOUCHE,OBJ-Bottled and jarred packaged goods (0.83),Bottle (0.97),Liquid (0.95),Fluid (0.87),Drink (0.86),Solution (0.84),Bottle cap (0.80),Personal care (0.79),Gas (0.77),Plastic bottle (0.76),Solvent (0.73),,,,,,,,,
gas,no,no,Gasoline in any form is not allowed in carry-on.,Gasoline in any form is not allowed in carry-on.,https://www.tsa.gov/travel/security-screening/whatcanibring/items/gasoline,res_y_lotion.jfif,"TXT-NON-GREASY Vaseline. INTENSIVE CARE"" Essential Healing VASELINE JELLY Keeps dry skin healed for 3 weeks."" Without feeling greasy 32 FL O210T (947L) Body Lotion rove es day se nacncal ady",OBJ-Bottled and jarred packaged goods (0.83),Liquid (0.95),Bottle (0.91),Bottle cap (0.90),Fluid (0.87),Plastic bottle (0.84),Drink (0.82),Personal care (0.82),Gas (0.78),Packaging and labeling (0.77),Solution (0.75),,,,,,,,,
beer,maybe,yes,Mini bottles of alcohol in carry-on must be able to comfortably fit into a single quart-sized bag.,Alcoholic beverages with more than 24% but not more than 70% alcohol are limited in checked bags to 5 liters (1.3 gallons) per passenger and must be in unopened retail packaging. Alcoholic beverages with 24% alcohol or less are not subject to limitations in checked bags.Â Alcohol beverages with more than 70% alcohol are not allowed in check-in or cabin.,https://www.tsa.gov/travel/security-screening/whatcanibring/items/alcoholic-beverages,res_y_sauce.jfif,TXT-HENNY TABASC BRAND,,OBJ-Bottle (0.91),Liquid (0.95),Bottle (0.95),Beer (0.94),Ingredient (0.88),Glass bottle (0.87),Fluid (0.87),Beer bottle (0.86),Drink (0.84),Alcoholic beverage (0.82),Solution (0.77),,,,,,,,
laptop,yes,yes,Devices are allowed in carry-on baggage.,Devices are allowed in check-in baggage.,https://www.tsa.gov/travel/security-screening/whatcanibring/items/laptops,y_n_powerbanks.jfif,TXT-,Laptop accessory (0.83),Gadget (0.81),Rectangle (0.78),Electronic device (0.75),Font (0.74),Multimedia (0.73),Cable (0.67),Electronic component (0.66),Computer component (0.65),Transparency (0.62),,,,,,,,,,
water,maybe,yes,Less than 3.4oz/100 ml allowed,All allowed.,https://www.tsa.gov/travel/security-screening/whatcanibring/items/bottled-water,y_y_glass.jfif,TXT-,OBJ-Tableware (0.86),Liquid (0.95),Drinkware (0.95),Water (0.89),Fluid (0.87),Highball glass (0.87),Tableware (0.86),Barware (0.84),Rectangle (0.83),Cylinder (0.82),Drink (0.78),,,,,,,,,
gas,no,no,Gasoline in any form is not allowed in carry-on.,Gasoline in any form is not allowed in carry-on.,https://www.tsa.gov/travel/security-screening/whatcanibring/items/gasoline,y_y_hookah.jfif,TXT-,OBJ-Light fixture (0.73),Musical instrument (0.84),Wheel (0.77),Tool (0.75),Liquid (0.74),Gas (0.70),Circle (0.69),Tire (0.67),Metal (0.67),Symbol (0.65),Glass (0.64),,,,,,,,,
gas,no,no,Gasoline in any form is not allowed in carry-on.,Gasoline in any form is not allowed in carry-on.,https://www.tsa.gov/travel/security-screening/whatcanibring/items/gasoline,y_y_iphoneCharger.jfif,TXT-,Gas (0.78),Cylinder (0.70),Transparency (0.62),Electronics accessory (0.62),Event (0.61),Circle (0.58),Aluminium (0.56),Science (0.53),Auto part (0.53),Metal (0.53),,,,,,,,,,
scissors,no,yes,Tools that could be used as bludgeon are not allowed in carry-on baggage.,Any sharp objects in checked bags should be sheathed or securely wrapped to prevent injury to baggage handlers and inspectors.,https://www.tsa.gov/travel/security-screening/whatcanibring/items/axes-and-hatchets,n_n_gunlighter.jfif,TXT-,OBJ-Scissors (0.75),Vision care (0.93),Eye glass accessory (0.88),Eyewear (0.79),Tints and shades (0.77),Personal protective equipment (0.75),Font (0.74),Auto part (0.70),Glass (0.67),Fashion accessory (0.66),Paint (0.61),,,,,,,,,
gas,no,no,Gasoline in any form is not allowed in carry-on.,Gasoline in any form is not allowed in carry-on.,https://www.tsa.gov/travel/security-screening/whatcanibring/items/gasoline,n_n_liquidBleach.jpg,TXT-33% MORE S IOR a CLOROX Germicidal Bleach. Kills 99.9% of Germs S K Hold and Mildew Oininates Odon, Whitens and Deecti alallliilaitata lild.alla,OBJ-Bottle (0.84),Liquid (0.95),Bottle (0.89),Fluid (0.87),Household supply (0.85),Personal care (0.81),Plastic bottle (0.79),Gas (0.78),Service (0.77),Bottle cap (0.72),Plastic (0.70),,,,,,,,
scissors,no,yes,Tools that could be used as bludgeon are not allowed in carry-on baggage.,Any sharp objects in checked bags should be sheathed or securely wrapped to prevent injury to baggage handlers and inspectors.,https://www.tsa.gov/travel/security-screening/whatcanibring/items/axes-and-hatchets,n_n_gunlighter.jfif,TXT-,OBJ-Scissors (0.75),Vision care (0.93),Eye glass accessory (0.88),Eyewear (0.79),Tints and shades (0.77),Personal protective equipment (0.75),Font (0.74),Auto part (0.70),Glass (0.67),Fashion accessory (0.66),Paint (0.61),,,,,,,,,
gas,no,no,Gasoline in any form is not allowed in carry-on.,Gasoline in any form is not allowed in carry-on.,https://www.tsa.gov/travel/security-screening/whatcanibring/items/gasoline,n_n_liquidBleach.jpg,TXT-33% MORE S IOR a CLOROX Germicidal Bleach. Kills 99.9% of Germs S K Hold and Mildew Oininates Odon, Whitens and Deecti alallliilaitata lild.alla,OBJ-Bottle (0.84),Liquid (0.95),Bottle (0.89),Fluid (0.87),Household supply (0.85),Personal care (0.81),Plastic bottle (0.79),Gas (0.78),Service (0.77),Bottle cap (0.72),Plastic (0.70),,,,,,,,
scissors,no,yes,Tools that could be used as bludgeon are not allowed in carry-on baggage.,Any sharp objects in checked bags should be sheathed or securely wrapped to prevent injury to baggage handlers and inspectors.,https://www.tsa.gov/travel/security-screening/whatcanibring/items/axes-and-hatchets,n_n_gunlighter.jfif,TXT-,OBJ-Scissors (0.75),Vision care (0.93),Eye glass accessory (0.88),Eyewear (0.79),Tints and shades (0.77),Personal protective equipment (0.75),Font (0.74),Auto part (0.70),Glass (0.67),Fashion accessory (0.66),Paint (0.61),,,,,,,,,
gas,no,no,Gasoline in any form is not allowed in carry-on.,Gasoline in any form is not allowed in carry-on.,https://www.tsa.gov/travel/security-screening/whatcanibring/items/gasoline,n_n_liquidBleach.jpg,TXT-33% MORE S IOR a CLOROX Germicidal Bleach. Kills 99.9% of Germs S K Hold and Mildew Oininates Odon, Whitens and Deecti alallliilaitata lild.alla,OBJ-Bottle (0.84),Liquid (0.95),Bottle (0.89),Fluid (0.87),Household supply (0.85),Personal care (0.81),Plastic bottle (0.79),Gas (0.78),Service (0.77),Bottle cap (0.72),Plastic (0.70),,,,,,,,
scissors,no,yes,Tools that could be used as bludgeon are not allowed in carry-on baggage.,Any sharp objects in checked bags should be sheathed or securely wrapped to prevent injury to baggage handlers and inspectors.,https://www.tsa.gov/travel/security-screening/whatcanibring/items/axes-and-hatchets,n_n_gunlighter.jfif,TXT-,OBJ-Scissors (0.75),Vision care (0.93),Eye glass accessory (0.88),Eyewear (0.79),Tints and shades (0.77),Personal protective equipment (0.75),Font (0.74),Auto part (0.70),Glass (0.67),Fashion accessory (0.66),Paint (0.61),,,,,,,,,
gas,no,no,Gasoline in any form is not allowed in carry-on.,Gasoline in any form is not allowed in carry-on.,https://www.tsa.gov/travel/security-screening/whatcanibring/items/gasoline,n_n_liquidBleach.jpg,TXT-33% MORE S IOR a CLOROX Germicidal Bleach. Kills 99.9% of Germs S K Hold and Mildew Oininates Odon, Whitens and Deecti alallliilaitata lild.alla,OBJ-Bottle (0.84),Liquid (0.95),Bottle (0.89),Fluid (0.87),Household supply (0.85),Personal care (0.81),Plastic bottle (0.79),Gas (0.78),Service (0.77),Bottle cap (0.72),Plastic (0.70),,,,,,,,
NA,yes,yes,You are good to go.,You are good to go.,https://www.tsa.gov/travel/security-screening/whatcanibring/all?combine=&page=2,n_n_sparklers.jfif,TXT-RARTY FLA E MAMMMLE,Audio equipment (0.83),Font (0.81),Electric blue (0.75),Tie (0.73),Plant (0.71),Pattern (0.70),Personal care (0.70),Sportswear (0.70),Rectangle (0.66),Screenshot (0.65),,,,,,,,,,
liquid,maybe,yes,Less than 3.4oz/100 ml allowed,All allowed.,https://www.tsa.gov/travel/security-screening/whatcanibring/items/bottled-water,n_y_geltypeCandles.jfif,TXT-,OBJ-Candle (0.64),Tableware (0.95),Liquid (0.95),Red russian (0.94),Drinkware (0.94),Automotive lighting (0.92),Rob roy (0.92),Fruit (0.91),Juice (0.91),Stemware (0.90),Grape juice (0.90),,,,,,,,,
NA,yes,yes,You are good to go.,You are good to go.,https://www.tsa.gov/travel/security-screening/whatcanibring/all?combine=&page=2,n_y_golfClub.jfif,TXT-,Golf equipment (0.77),Golf (0.71),Rectangle (0.68),Fashion accessory (0.67),Aluminium (0.66),Nickel (0.65),Metal (0.64),Service (0.64),Titanium (0.63),Composite material (0.62),,,,,,,,,,
knife,no,yes,Tools that could be used as bludgeon are not allowed in carry-on baggage.,Any sharp objects in checked bags should be sheathed or securely wrapped to prevent injury to baggage handlers and inspectors.,https://www.tsa.gov/travel/security-screening/whatcanibring/items/axes-and-hatchets,n_y_kirpans.jfif,TXT-SInhMusepm com,OBJ-Knife (0.90),Watch (0.86),Blade (0.72),Knife (0.71),Tool (0.69),Dagger (0.69),Natural material (0.68),Metal (0.67),Fashion accessory (0.67),Everyday carry (0.66),Wood (0.66),,,,,,,,,
gas,no,no,Gasoline in any form is not allowed in carry-on.,Gasoline in any form is not allowed in carry-on.,https://www.tsa.gov/travel/security-screening/whatcanibring/items/gasoline,n_y_magic8Ball.jfif,TXT-Netix & Chll,OBJ-Alarm clock (0.89),Camera lens (0.89),Camera accessory (0.85),Cameras & optics (0.81),Automotive tire (0.81),Lens (0.80),Rim (0.80),Gas (0.77),Carbon (0.76),Electric blue (0.74),Automotive wheel system (0.71),,,,,,,,,
NA,yes,yes,You are good to go.,You are good to go.,https://www.tsa.gov/travel/security-screening/whatcanibring/all?combine=&page=2,res_res_guitar.jfif,TXT-,OBJ-Guitar (0.95),Musical instrument (0.96),Guitar (0.94),String instrument (0.91),String instrument (0.89),Musical instrument accessory (0.89),String instrument accessory (0.89),Plucked string instruments (0.89),Guitar accessory (0.89),Music (0.83),Wood (0.82),,,,,,,,,
tool,maybe,yes,Tools that could be used as bludgeon are not allowed in carry-on baggage.,Any sharp objects in checked bags should be sheathed or securely wrapped to prevent injury to baggage handlers and inspectors.,https://www.tsa.gov/travel/security-screening/whatcanibring/items/axes-and-hatchets,res_res_hoverboard.jfif,TXT-HOVERA,OBJ-Segway (0.89),OBJ-Tire (0.74),Electric blue (0.75),Eyewear (0.69),Metal (0.69),Audio equipment (0.68),Tool (0.68),Plastic (0.67),Auto part (0.58),Logo (0.54),Steel (0.53),Cable (0.52),,,,,,,,
liquid,maybe,yes,Less than 3.4oz/100 ml allowed,All allowed.,https://www.tsa.gov/travel/security-screening/whatcanibring/items/bottled-water,res_y_foundation.jfif,TXT-STELLAR,OBJ-Perfume (0.71),Brown (0.98),Eye (0.94),Liquid (0.90),Cosmetics (0.89),Rectangle (0.84),Tints and shades (0.77),Plant (0.75),Font (0.71),Peach (0.70),Magenta (0.69),,,,,,,,,
liquid,maybe,yes,Less than 3.4oz/100 ml allowed,All allowed.,https://www.tsa.gov/travel/security-screening/whatcanibring/items/bottled-water,res_y_freezerpacks.jfif,TXT-,OBJ-Pillow (0.86),Liquid (0.94),Rectangle (0.90),Azure (0.90),Art paint (0.88),Paint (0.86),Art (0.82),Aqua (0.81),Font (0.78),Painting (0.78),Tints and shades (0.77),,,,,,,,,
food,maybe,yes,Solid food items (not liquids or gels) can be transported in either your carry-on or checked bags. Liquid or gel food items larger than 3.4 oz are not allowed in carry-on bags.,Solid food items and liquids or gels can be transported in your checked bags.,https://www.tsa.gov/travel/security-screening/whatcanibring/items/bread,res_y_freshfruits.jfif,TXT-,OBJ-Banana (0.88),OBJ-Fruit (0.61),Banana (0.97),Food (0.97),Cooking plantain (0.94),Saba banana (0.91),Fruit (0.90),Ingredient (0.86),Plant (0.84),Natural foods (0.83),Staple food (0.82),Superfood (0.78),,,,,,,,
liquid,maybe,yes,Less than 3.4oz/100 ml allowed,All allowed.,https://www.tsa.gov/travel/security-screening/whatcanibring/items/bottled-water,res_y_handsanitizer.jfif,TXT-FIRST AID Provider Purell ADVANCED KuS TIE MO CEEM SFRESHING OR cuANANS tion,OBJ-Bottled and jarred packaged goods (0.85),Liquid (0.95),Bottle (0.94),Fluid (0.87),Solution (0.86),Plant (0.82),Rectangle (0.79),Electric blue (0.74),Magenta (0.73),Solvent (0.73),Bottle cap (0.71),,,,,,,,,
fluid,maybe,yes,Less than 3.4oz/100 ml allowed,All allowed.,https://www.tsa.gov/travel/security-screening/whatcanibring/items/bottled-water,res_y_inhalers.jfif,TXT-,OBJ-Lipstick (0.57),Fluid (0.87),Liquid (0.87),Purple (0.86),Pink (0.83),Finger (0.82),Tints and shades (0.77),Service (0.77),Nail (0.77),Magenta (0.76),Electronic device (0.74),,,,,,,,,
gas,no,no,Gasoline in any form is not allowed in carry-on.,Gasoline in any form is not allowed in carry-on.,https://www.tsa.gov/travel/security-screening/whatcanibring/items/gasoline,res_y_liquidsoap.jfif,TXT-STRAWBERRY SHOMER GEL FRAISE L DOUCHE,OBJ-Bottled and jarred packaged goods (0.83),Bottle (0.97),Liquid (0.95),Fluid (0.87),Drink (0.86),Solution (0.84),Bottle cap (0.80),Personal care (0.79),Gas (0.77),Plastic bottle (0.76),Solvent (0.73),,,,,,,,,
gas,no,no,Gasoline in any form is not allowed in carry-on.,Gasoline in any form is not allowed in carry-on.,https://www.tsa.gov/travel/security-screening/whatcanibring/items/gasoline,res_y_lotion.jfif,"TXT-NON-GREASY Vaseline. INTENSIVE CARE"" Essential Healing VASELINE JELLY Keeps dry skin healed for 3 weeks."" Without feeling greasy 32 FL O210T (947L) Body Lotion rove es day se nacncal ady",OBJ-Bottled and jarred packaged goods (0.83),Liquid (0.95),Bottle (0.91),Bottle cap (0.90),Fluid (0.87),Plastic bottle (0.84),Drink (0.82),Personal care (0.82),Gas (0.78),Packaging and labeling (0.77),Solution (0.75),,,,,,,,,
food,maybe,yes,Solid food items (not liquids or gels) can be transported in either your carry-on or checked bags. Liquid or gel food items larger than 3.4 oz are not allowed in carry-on bags.,Solid food items and liquids or gels can be transported in your checked bags.,https://www.tsa.gov/travel/security-screening/whatcanibring/items/bread,res_y_meat.jfif,TXT-,OBJ-Dog bed (0.80),Rectangle (0.83),Food (0.77),Magenta (0.75),Ingredient (0.73),Woolen (0.73),Cuisine (0.72),Wool (0.71),Natural material (0.69),Animal product (0.69),Fashion accessory (0.67),,,,,,,,,
beer,maybe,yes,Mini bottles of alcohol in carry-on must be able to comfortably fit into a single quart-sized bag.,Alcoholic beverages with more than 24% but not more than 70% alcohol are limited in checked bags to 5 liters (1.3 gallons) per passenger and must be in unopened retail packaging. Alcoholic beverages with 24% alcohol or less are not subject to limitations in checked bags.Â Alcohol beverages with more than 70% alcohol are not allowed in check-in or cabin.,https://www.tsa.gov/travel/security-screening/whatcanibring/items/alcoholic-beverages,res_y_sauce.jfif,TXT-HENNY TABASC BRAND,,OBJ-Bottle (0.91),Liquid (0.95),Bottle (0.95),Beer (0.94),Ingredient (0.88),Glass bottle (0.87),Fluid (0.87),Beer bottle (0.86),Drink (0.84),Alcoholic beverage (0.82),Solution (0.77),,,,,,,,
tool,maybe,yes,Tools that could be used as bludgeon are not allowed in carry-on baggage.,Any sharp objects in checked bags should be sheathed or securely wrapped to prevent injury to baggage handlers and inspectors.,https://www.tsa.gov/travel/security-screening/whatcanibring/items/axes-and-hatchets,res_y_screwdriver.jfif,TXT-,Tool (0.84),Screwdriver (0.67),Cable (0.64),Carmine (0.62),Plastic (0.62),Auto part (0.62),Cleanliness (0.61),Audio equipment (0.60),Office supplies (0.59),Font (0.55),,,,,,,,,,
electronics,maybe,maybe,Most electonics are allowed in carry-on baggage with a few exceptions like e-lighters.,Most electronics are allowed in check-in baggage with a few exceptions like e-cigaratters,power banks,and e-lighters. Please check more info for details.,https://www.tsa.gov/travel/security-screening/whatcanibring/all?combine=Electronic&page=1,res_y_umbrellas.webp,TXT-,OBJ-Lighting (0.61),Font (0.74),Gadget (0.74),Cable (0.74),Rectangle (0.72),Fashion accessory (0.67),Office supplies (0.67),Auto part (0.66),Everyday carry (0.61),Electronics accessory (0.60),Magenta (0.59),,,,,,,
food,maybe,yes,Solid food items (not liquids or gels) can be transported in either your carry-on or checked bags. Liquid or gel food items larger than 3.4 oz are not allowed in carry-on bags.,Solid food items and liquids or gels can be transported in your checked bags.,https://www.tsa.gov/travel/security-screening/whatcanibring/items/bread,res_y_vegetables.jfif,TXT-,OBJ-Tomato (0.88),OBJ-Tomato (0.85),OBJ-Tomato (0.83),OBJ-Vegetable (0.61),OBJ-Food (0.50),Food (0.98),Plum tomato (0.92),Plant (0.90),Ingredient (0.90),Fruit (0.88),Bush tomato (0.87),Natural foods (0.86),Staple food (0.86),Cherry Tomatoes (0.83),Tableware (0.82),,,,,
NA,yes,yes,You are good to go.,You are good to go.,https://www.tsa.gov/travel/security-screening/whatcanibring/all?combine=&page=2,yy_fork,TXT-,OBJ-Fork (0.98),Tableware (0.97),Dishware (0.92),Kitchen utensil (0.83),Cutlery (0.81),Metal (0.70),Composite material (0.69),Titanium (0.63),Household silver (0.61),Steel (0.60),Circle (0.60),,,,,,,,,
laptop,yes,yes,Devices are allowed in carry-on baggage.,Devices are allowed in check-in baggage.,https://www.tsa.gov/travel/security-screening/whatcanibring/items/laptops,y_n_powerbanks.jfif,TXT-,Laptop accessory (0.83),Gadget (0.81),Rectangle (0.78),Electronic device (0.75),Font (0.74),Multimedia (0.73),Cable (0.67),Electronic component (0.66),Computer component (0.65),Transparency (0.62),,,,,,,,,,
NA,yes,yes,You are good to go.,You are good to go.,https://www.tsa.gov/travel/security-screening/whatcanibring/all?combine=&page=2,y_y_fork.jfif,TXT-,OBJ-Tableware (0.50),Tableware (0.94),Dishware (0.91),Cutlery (0.79),Kitchen utensil (0.78),Metal (0.71),Titanium (0.62),Circle (0.60),Fork (0.59),Household silver (0.58),Electric blue (0.56),,,,,,,,,
food,maybe,yes,Solid food items (not liquids or gels) can be transported in either your carry-on or checked bags. Liquid or gel food items larger than 3.4 oz are not allowed in carry-on bags.,Solid food items and liquids or gels can be transported in your checked bags.,https://www.tsa.gov/travel/security-screening/whatcanibring/items/bread,y_y_fresheggs.jfif,TXT-,OBJ-Egg (0.97),OBJ-Egg (0.97),OBJ-Egg (0.96),OBJ-Egg (0.94),OBJ-Food (0.70),Food (0.97),Ingredient (0.89),Natural foods (0.84),Cuisine (0.83),Dish (0.82),Egg (0.77),Plant (0.77),Wood (0.76),Produce (0.73),Animal product (0.69),,,,,
water,maybe,yes,Less than 3.4oz/100 ml allowed,All allowed.,https://www.tsa.gov/travel/security-screening/whatcanibring/items/bottled-water,y_y_glass.jfif,TXT-,OBJ-Tableware (0.86),Liquid (0.95),Drinkware (0.95),Water (0.89),Fluid (0.87),Highball glass (0.87),Tableware (0.86),Barware (0.84),Rectangle (0.83),Cylinder (0.82),Drink (0.78),,,,,,,,,
NA,yes,yes,You are good to go.,You are good to go.,https://www.tsa.gov/travel/security-screening/whatcanibring/all?combine=&page=2,y_y_hairClippers.jfif,TXT-,OBJ-Home appliance (0.72),Magenta (0.72),Office supplies (0.71),Metal (0.57),Font (0.55),Peripheral (0.52),,,,,,,,,,,,,,
NA,yes,yes,You are good to go.,You are good to go.,https://www.tsa.gov/travel/security-screening/whatcanibring/all?combine=&page=2,y_y_hairdryers.jfif,TXT-CONAIR 1875,OBJ-Home appliance (0.52),White (0.92),Material property (0.80),Font (0.80),Composite material (0.78),Bicycle part (0.75),Metal (0.66),Magenta (0.65),Titanium (0.63),Fashion accessory (0.62),Auto part (0.59),,,,,,,,,
gas,no,no,Gasoline in any form is not allowed in carry-on.,Gasoline in any form is not allowed in carry-on.,https://www.tsa.gov/travel/security-screening/whatcanibring/items/gasoline,y_y_hookah.jfif,TXT-,OBJ-Light fixture (0.73),Musical instrument (0.84),Wheel (0.77),Tool (0.75),Liquid (0.74),Gas (0.70),Circle (0.69),Tire (0.67),Metal (0.67),Symbol (0.65),Glass (0.64),,,,,,,,,
gas,no,no,Gasoline in any form is not allowed in carry-on.,Gasoline in any form is not allowed in carry-on.,https://www.tsa.gov/travel/security-screening/whatcanibring/items/gasoline,y_y_iphoneCharger.jfif,TXT-,Gas (0.78),Cylinder (0.70),Transparency (0.62),Electronics accessory (0.62),Event (0.61),Circle (0.58),Aluminium (0.56),Science (0.53),Auto part (0.53),Metal (0.53),,,,,,,,,,
NA,yes,yes,You are good to go.,You are good to go.,https://www.tsa.gov/travel/security-screening/whatcanibring/all?combine=&page=2,y_y_jewelry.jfif,TXT-,OBJ-Necklace (0.96),Natural material (0.89),Creative arts (0.85),Body jewelry (0.84),Art (0.82),Necklace (0.81),Gesture (0.80),Jewellery (0.77),Jewelry making (0.77),Bracelet (0.74),Craft (0.74),,,,,,,,,
NA,yes,yes,You are good to go.,You are good to go.,https://www.tsa.gov/travel/security-screening/whatcanibring/all?combine=&page=2,y_y_knitting_needles.jfif,TXT-,OBJ-Racket (0.60),Wood (0.84),Natural material (0.80),Font (0.71),Art (0.69),Musical instrument accessory (0.58),Twig (0.52),Circle (0.52),,,,,,,,,,,,
NA,yes,yes,You are good to go.,You are good to go.,https://www.tsa.gov/travel/security-screening/whatcanibring/all?combine=&page=2,y_y_lightbulb.jfif,TXT-,OBJ-Light bulb (0.64),Light bulb (0.83),Automotive lighting (0.79),Compact fluorescent lamp (0.73),Fluorescent lamp (0.73),Lamp (0.67),Wood (0.67),Fashion accessory (0.67),Golf (0.66),Metal (0.65),Light fixture (0.64),,,,,,,,,
liquid,maybe,yes,Less than 3.4oz/100 ml allowed,All allowed.,https://www.tsa.gov/travel/security-screening/whatcanibring/items/bottled-water,y_y_lipstick.jfif,TXT-of,OBJ-Lipstick (0.74),Liquid (0.94),Writing implement (0.91),Office supplies (0.89),Writing instrument accessory (0.83),Tints and shades (0.77),Pen (0.74),Lipstick (0.73),Fluid (0.72),Cylinder (0.70),Electric blue (0.70),,,,,,,,,
liquid,maybe,yes,Less than 3.4oz/100 ml allowed,All allowed.,https://www.tsa.gov/travel/security-screening/whatcanibring/items/bottled-water,y_y_medicalMasks.jfif,TXT-,Azure (0.90),Rectangle (0.87),Plastic bottle (0.84),Aqua (0.82),Liquid (0.75),Electric blue (0.74),Health care (0.74),Cylinder (0.74),Plastic (0.72),Linens (0.70),,,,,,,,,,
tool,maybe,yes,Tools that could be used as bludgeon are not allowed in carry-on baggage.,Any sharp objects in checked bags should be sheathed or securely wrapped to prevent injury to baggage handlers and inspectors.,https://www.tsa.gov/travel/security-screening/whatcanibring/items/axes-and-hatchets,y_y_nailClippers.jfif,TXT-TWEEZERMAN,Nail clipper (0.95),Office supplies (0.90),Rectangle (0.81),Font (0.71),Tool (0.71),Metal (0.68),Fashion accessory (0.67),Auto part (0.67),Stationery (0.66),Writing implement (0.65),,,,,,,,,,
food,maybe,yes,Solid food items (not liquids or gels) can be transported in either your carry-on or checked bags. Liquid or gel food items larger than 3.4 oz are not allowed in carry-on bags.,Solid food items and liquids or gels can be transported in your checked bags.,https://www.tsa.gov/travel/security-screening/whatcanibring/items/bread,y_y_nuts.jfif,TXT-,OBJ-Food (0.69),Food (0.98),Plant (0.96),Ingredient (0.89),Tree (0.82),Cuisine (0.81),Staple food (0.79),Produce (0.73),Vegetable (0.73),Dish (0.72),Metal (0.66),,,,,,,,,
NA,yes,yes,You are good to go.,You are good to go.,https://www.tsa.gov/travel/security-screening/whatcanibring/all?combine=&page=2,y_y_pillow.jfif,TXT-,OBJ-Throw pillow (0.94),Brown (0.98),Pillow (0.91),Rectangle (0.84),Comfort (0.83),Ingredient (0.79),Wood (0.79),Beige (0.78),Throw pillow (0.74),Cuisine (0.74),Linens (0.73),,,,,,,,,
NA,yes,yes,You are good to go.,You are good to go.,https://www.tsa.gov/travel/security-screening/whatcanibring/all?combine=&page=2,y_y_plant.jfif,TXT-,OBJ-Houseplant (0.77),OBJ-Flowerpot (0.77),OBJ-Table top (0.55),Plant (0.95),Flowerpot (0.94),Houseplant (0.94),Flower (0.91),Terrestrial plant (0.86),Twig (0.84),Flowering plant (0.77),Herbaceous plant (0.73),Wood (0.71),Art (0.71),,,,,,,
food,maybe,yes,Solid food items (not liquids or gels) can be transported in either your carry-on or checked bags. Liquid or gel food items larger than 3.4 oz are not allowed in carry-on bags.,Solid food items and liquids or gels can be transported in your checked bags.,https://www.tsa.gov/travel/security-screening/whatcanibring/items/bread,y_y_rocks.jfif,TXT-,OBJ-Food (0.74),OBJ-Food (0.73),OBJ-Food (0.73),OBJ-Food (0.72),OBJ-Fruit (0.67),OBJ-Food (0.67),OBJ-Food (0.60),Food (0.97),Fruit (0.89),Ingredient (0.87),Natural foods (0.83),Produce (0.78),Superfood (0.76),Font (0.75),Cuisine (0.75),Bean (0.73),Pebble (0.68),,,
NA,yes,yes,You are good to go.,You are good to go.,https://www.tsa.gov/travel/security-screening/whatcanibring/all?combine=&page=2,y_y_salt.jfif,TXT-MORTON SALT roco TEWT 26 OZ (1 LB, 10 0Z7379,OBJ-Tin can (0.90),Drink (0.86),Ingredient (0.84),Packaging and labeling (0.82),Beverage can (0.81),Font (0.74),Tin can (0.73),Tin (0.72),Aluminum can (0.71),Liqueur (0.67),Metal (0.66),,,,,,,,
food,maybe,yes,Solid food items (not liquids or gels) can be transported in either your carry-on or checked bags. Liquid or gel food items larger than 3.4 oz are not allowed in carry-on bags.,Solid food items and liquids or gels can be transported in your checked bags.,https://www.tsa.gov/travel/security-screening/whatcanibring/items/bread,y_y_seeds.jfif,TXT-,OBJ-Food (0.77),Plant (0.88),Ingredient (0.86),Fruit (0.83),Seed (0.81),Natural foods (0.81),Spice (0.79),Legume family (0.77),Cuisine (0.74),Produce (0.73),Food (0.73),,,,,,,,,
NA,yes,yes,You are good to go.,You are good to go.,https://www.tsa.gov/travel/security-screening/whatcanibring/all?combine=&page=2,y_y_soap.jfif,TXT-,OBJ-Loudspeaker (0.76),OBJ-Tableware (0.59),Dishware (0.90),Rectangle (0.82),Medicine (0.81),Serveware (0.76),Pill (0.75),Circle (0.73),Plastic (0.72),Pharmaceutical drug (0.72),Service (0.71),Font (0.70),,,,,,,,
scissors,no,yes,Tools that could be used as bludgeon are not allowed in carry-on baggage.,Any sharp objects in checked bags should be sheathed or securely wrapped to prevent injury to baggage handlers and inspectors.,https://www.tsa.gov/travel/security-screening/whatcanibring/items/axes-and-hatchets,n_n_gunlighter.jfif,TXT-,OBJ-Scissors (0.75),Vision care (0.93),Eye glass accessory (0.88),Eyewear (0.79),Tints and shades (0.77),Personal protective equipment (0.75),Font (0.74),Auto part (0.70),Glass (0.67),Fashion accessory (0.66),Paint (0.61),,,,,,,,,
liquid,maybe,yes,Less than 3.4oz/100 ml allowed,All allowed.,https://www.tsa.gov/travel/security-screening/whatcanibring/items/bottled-water,n_n_liquidBleach.jpg,TXT-33% MORE S IOR a CLOROX Germicidal Bleach. Kills 99.9% of Germs S K Hold and Mildew Oininates Odon, Whitens and Deecti alallliilaitata lild.alla,OBJ-Bottle (0.84),Liquid (0.95),Bottle (0.89),Fluid (0.87),Household supply (0.85),Personal care (0.81),Plastic bottle (0.79),Gas (0.78),Service (0.77),Bottle cap (0.72),Plastic (0.70),,,,,,,,
NA,yes,yes,You are good to go.,You are good to go.,https://www.tsa.gov/travel/security-screening/whatcanibring/all?combine=&page=2,n_n_sparklers.jfif,TXT-RARTY FLA E MAMMMLE,Audio equipment (0.83),Font (0.81),Electric blue (0.75),Tie (0.73),Plant (0.71),Pattern (0.70),Personal care (0.70),Sportswear (0.70),Rectangle (0.66),Screenshot (0.65),,,,,,,,,,
liquid,maybe,yes,Less than 3.4oz/100 ml allowed,All allowed.,https://www.tsa.gov/travel/security-screening/whatcanibring/items/bottled-water,n_y_geltypeCandles.jfif,TXT-,OBJ-Candle (0.64),Tableware (0.95),Liquid (0.95),Red russian (0.94),Drinkware (0.94),Automotive lighting (0.92),Rob roy (0.92),Fruit (0.91),Juice (0.91),Stemware (0.90),Grape juice (0.90),,,,,,,,,
NA,yes,yes,You are good to go.,You are good to go.,https://www.tsa.gov/travel/security-screening/whatcanibring/all?combine=&page=2,n_y_golfClub.jfif,TXT-,Golf equipment (0.77),Golf (0.71),Rectangle (0.68),Fashion accessory (0.67),Aluminium (0.66),Nickel (0.65),Metal (0.64),Service (0.64),Titanium (0.63),Composite material (0.62),,,,,,,,,,
knife,no,yes,Tools that could be used as bludgeon are not allowed in carry-on baggage.,Any sharp objects in checked bags should be sheathed or securely wrapped to prevent injury to baggage handlers and inspectors.,https://www.tsa.gov/travel/security-screening/whatcanibring/items/axes-and-hatchets,n_y_kirpans.jfif,TXT-SInhMusepm com,OBJ-Knife (0.90),Watch (0.86),Blade (0.72),Knife (0.71),Tool (0.69),Dagger (0.69),Natural material (0.68),Metal (0.67),Fashion accessory (0.67),Everyday carry (0.66),Wood (0.66),,,,,,,,,
NA,yes,yes,You are good to go.,You are good to go.,https://www.tsa.gov/travel/security-screening/whatcanibring/all?combine=&page=2,n_y_magic8Ball.jfif,TXT-Netix & Chll,OBJ-Alarm clock (0.89),Camera lens (0.89),Camera accessory (0.85),Cameras & optics (0.81),Automotive tire (0.81),Lens (0.80),Rim (0.80),Gas (0.77),Carbon (0.76),Electric blue (0.74),Automotive wheel system (0.71),,,,,,,,,
NA,yes,yes,You are good to go.,You are good to go.,https://www.tsa.gov/travel/security-screening/whatcanibring/all?combine=&page=2,res_res_guitar.jfif,TXT-,OBJ-Guitar (0.95),Musical instrument (0.96),Guitar (0.94),String instrument (0.91),String instrument (0.89),Musical instrument accessory (0.89),String instrument accessory (0.89),Plucked string instruments (0.89),Guitar accessory (0.89),Music (0.83),Wood (0.82),,,,,,,,,
tool,maybe,yes,Tools that could be used as bludgeon are not allowed in carry-on baggage.,Any sharp objects in checked bags should be sheathed or securely wrapped to prevent injury to baggage handlers and inspectors.,https://www.tsa.gov/travel/security-screening/whatcanibring/items/axes-and-hatchets,res_res_hoverboard.jfif,TXT-HOVERA,OBJ-Segway (0.89),OBJ-Tire (0.74),Electric blue (0.75),Eyewear (0.69),Metal (0.69),Audio equipment (0.68),Tool (0.68),Plastic (0.67),Auto part (0.58),Logo (0.54),Steel (0.53),Cable (0.52),,,,,,,,
liquid,maybe,yes,Less than 3.4oz/100 ml allowed,All allowed.,https://www.tsa.gov/travel/security-screening/whatcanibring/items/bottled-water,res_y_foundation.jfif,TXT-STELLAR,OBJ-Perfume (0.71),Brown (0.98),Eye (0.94),Liquid (0.90),Cosmetics (0.89),Rectangle (0.84),Tints and shades (0.77),Plant (0.75),Font (0.71),Peach (0.70),Magenta (0.69),,,,,,,,,
liquid,maybe,yes,Less than 3.4oz/100 ml allowed,All allowed.,https://www.tsa.gov/travel/security-screening/whatcanibring/items/bottled-water,res_y_freezerpacks.jfif,TXT-,OBJ-Pillow (0.86),Liquid (0.94),Rectangle (0.90),Azure (0.90),Art paint (0.88),Paint (0.86),Art (0.82),Aqua (0.81),Font (0.78),Painting (0.78),Tints and shades (0.77),,,,,,,,,
food,maybe,yes,Solid food items (not liquids or gels) can be transported in either your carry-on or checked bags. Liquid or gel food items larger than 3.4 oz are not allowed in carry-on bags.,Solid food items and liquids or gels can be transported in your checked bags.,https://www.tsa.gov/travel/security-screening/whatcanibring/items/bread,res_y_freshfruits.jfif,TXT-,OBJ-Banana (0.88),OBJ-Fruit (0.61),Banana (0.97),Food (0.97),Cooking plantain (0.94),Saba banana (0.91),Fruit (0.90),Ingredient (0.86),Plant (0.84),Natural foods (0.83),Staple food (0.82),Superfood (0.78),,,,,,,,
liquid,maybe,yes,Less than 3.4oz/100 ml allowed,All allowed.,https://www.tsa.gov/travel/security-screening/whatcanibring/items/bottled-water,res_y_handsanitizer.jfif,TXT-FIRST AID Provider Purell ADVANCED KuS TIE MO CEEM SFRESHING OR cuANANS tion,OBJ-Bottled and jarred packaged goods (0.85),Liquid (0.95),Bottle (0.94),Fluid (0.87),Solution (0.86),Plant (0.82),Rectangle (0.79),Electric blue (0.74),Magenta (0.73),Solvent (0.73),Bottle cap (0.71),,,,,,,,,
fluid,maybe,yes,Less than 3.4oz/100 ml allowed,All allowed.,https://www.tsa.gov/travel/security-screening/whatcanibring/items/bottled-water,res_y_inhalers.jfif,TXT-,OBJ-Lipstick (0.57),Fluid (0.87),Liquid (0.87),Purple (0.86),Pink (0.83),Finger (0.82),Tints and shades (0.77),Service (0.77),Nail (0.77),Magenta (0.76),Electronic device (0.74),,,,,,,,,
liquid,maybe,yes,Less than 3.4oz/100 ml allowed,All allowed.,https://www.tsa.gov/travel/security-screening/whatcanibring/items/bottled-water,res_y_liquidsoap.jfif,TXT-STRAWBERRY SHOMER GEL FRAISE L DOUCHE,OBJ-Bottled and jarred packaged goods (0.83),Bottle (0.97),Liquid (0.95),Fluid (0.87),Drink (0.86),Solution (0.84),Bottle cap (0.80),Personal care (0.79),Gas (0.77),Plastic bottle (0.76),Solvent (0.73),,,,,,,,,
liquid,maybe,yes,Less than 3.4oz/100 ml allowed,All allowed.,https://www.tsa.gov/travel/security-screening/whatcanibring/items/bottled-water,res_y_lotion.jfif,"TXT-NON-GREASY Vaseline. INTENSIVE CARE"" Essential Healing VASELINE JELLY Keeps dry skin healed for 3 weeks."" Without feeling greasy 32 FL O210T (947L) Body Lotion rove es day se nacncal ady",OBJ-Bottled and jarred packaged goods (0.83),Liquid (0.95),Bottle (0.91),Bottle cap (0.90),Fluid (0.87),Plastic bottle (0.84),Drink (0.82),Personal care (0.82),Gas (0.78),Packaging and labeling (0.77),Solution (0.75),,,,,,,,,
food,maybe,yes,Solid food items (not liquids or gels) can be transported in either your carry-on or checked bags. Liquid or gel food items larger than 3.4 oz are not allowed in carry-on bags.,Solid food items and liquids or gels can be transported in your checked bags.,https://www.tsa.gov/travel/security-screening/whatcanibring/items/bread,res_y_meat.jfif,TXT-,OBJ-Dog bed (0.80),Rectangle (0.83),Food (0.77),Magenta (0.75),Ingredient (0.73),Woolen (0.73),Cuisine (0.72),Wool (0.71),Natural material (0.69),Animal product (0.69),Fashion accessory (0.67),,,,,,,,,
beer,maybe,yes,Mini bottles of alcohol in carry-on must be able to comfortably fit into a single quart-sized bag.,Alcoholic beverages with more than 24% but not more than 70% alcohol are limited in checked bags to 5 liters (1.3 gallons) per passenger and must be in unopened retail packaging. Alcoholic beverages with 24% alcohol or less are not subject to limitations in checked bags.Â Alcohol beverages with more than 70% alcohol are not allowed in check-in or cabin.,https://www.tsa.gov/travel/security-screening/whatcanibring/items/alcoholic-beverages,res_y_sauce.jfif,TXT-HENNY TABASC BRAND,,OBJ-Bottle (0.91),Liquid (0.95),Bottle (0.95),Beer (0.94),Ingredient (0.88),Glass bottle (0.87),Fluid (0.87),Beer bottle (0.86),Drink (0.84),Alcoholic beverage (0.82),Solution (0.77),,,,,,,,
tool,maybe,yes,Tools that could be used as bludgeon are not allowed in carry-on baggage.,Any sharp objects in checked bags should be sheathed or securely wrapped to prevent injury to baggage handlers and inspectors.,https://www.tsa.gov/travel/security-screening/whatcanibring/items/axes-and-hatchets,res_y_screwdriver.jfif,TXT-,Tool (0.84),Screwdriver (0.67),Cable (0.64),Carmine (0.62),Plastic (0.62),Auto part (0.62),Cleanliness (0.61),Audio equipment (0.60),Office supplies (0.59),Font (0.55),,,,,,,,,,
electronics,maybe,maybe,Most electonics are allowed in carry-on baggage with a few exceptions like e-lighters.,Most electronics are allowed in check-in baggage with a few exceptions like e-cigaratters,power banks,and e-lighters. Please check more info for details.,https://www.tsa.gov/travel/security-screening/whatcanibring/all?combine=Electronic&page=1,res_y_umbrellas.webp,TXT-,OBJ-Lighting (0.61),Font (0.74),Gadget (0.74),Cable (0.74),Rectangle (0.72),Fashion accessory (0.67),Office supplies (0.67),Auto part (0.66),Everyday carry (0.61),Electronics accessory (0.60),Magenta (0.59),,,,,,,
food,maybe,yes,Solid food items (not liquids or gels) can be transported in either your carry-on or checked bags. Liquid or gel food items larger than 3.4 oz are not allowed in carry-on bags.,Solid food items and liquids or gels can be transported in your checked bags.,https://www.tsa.gov/travel/security-screening/whatcanibring/items/bread,res_y_vegetables.jfif,TXT-,OBJ-Tomato (0.88),OBJ-Tomato (0.85),OBJ-Tomato (0.83),OBJ-Vegetable (0.61),OBJ-Food (0.50),Food (0.98),Plum tomato (0.92),Plant (0.90),Ingredient (0.90),Fruit (0.88),Bush tomato (0.87),Natural foods (0.86),Staple food (0.86),Cherry Tomatoes (0.83),Tableware (0.82),,,,,
NA,yes,yes,You are good to go.,You are good to go.,https://www.tsa.gov/travel/security-screening/whatcanibring/all?combine=&page=2,yy_fork,TXT-,OBJ-Fork (0.98),Tableware (0.97),Dishware (0.92),Kitchen utensil (0.83),Cutlery (0.81),Metal (0.70),Composite material (0.69),Titanium (0.63),Household silver (0.61),Steel (0.60),Circle (0.60),,,,,,,,,
laptop,yes,yes,Devices are allowed in carry-on baggage.,Devices are allowed in check-in baggage.,https://www.tsa.gov/travel/security-screening/whatcanibring/items/laptops,y_n_powerbanks.jfif,TXT-,Laptop accessory (0.83),Gadget (0.81),Rectangle (0.78),Electronic device (0.75),Font (0.74),Multimedia (0.73),Cable (0.67),Electronic component (0.66),Computer component (0.65),Transparency (0.62),,,,,,,,,,
NA,yes,yes,You are good to go.,You are good to go.,https://www.tsa.gov/travel/security-screening/whatcanibring/all?combine=&page=2,y_y_fork.jfif,TXT-,OBJ-Tableware (0.50),Tableware (0.94),Dishware (0.91),Cutlery (0.79),Kitchen utensil (0.78),Metal (0.71),Titanium (0.62),Circle (0.60),Fork (0.59),Household silver (0.58),Electric blue (0.56),,,,,,,,,
food,maybe,yes,Solid food items (not liquids or gels) can be transported in either your carry-on or checked bags. Liquid or gel food items larger than 3.4 oz are not allowed in carry-on bags.,Solid food items and liquids or gels can be transported in your checked bags.,https://www.tsa.gov/travel/security-screening/whatcanibring/items/bread,y_y_fresheggs.jfif,TXT-,OBJ-Egg (0.97),OBJ-Egg (0.97),OBJ-Egg (0.96),OBJ-Egg (0.94),OBJ-Food (0.70),Food (0.97),Ingredient (0.89),Natural foods (0.84),Cuisine (0.83),Dish (0.82),Egg (0.77),Plant (0.77),Wood (0.76),Produce (0.73),Animal product (0.69),,,,,
water,maybe,yes,Less than 3.4oz/100 ml allowed,All allowed.,https://www.tsa.gov/travel/security-screening/whatcanibring/items/bottled-water,y_y_glass.jfif,TXT-,OBJ-Tableware (0.86),Liquid (0.95),Drinkware (0.95),Water (0.89),Fluid (0.87),Highball glass (0.87),Tableware (0.86),Barware (0.84),Rectangle (0.83),Cylinder (0.82),Drink (0.78),,,,,,,,,
NA,yes,yes,You are good to go.,You are good to go.,https://www.tsa.gov/travel/security-screening/whatcanibring/all?combine=&page=2,y_y_hairClippers.jfif,TXT-,OBJ-Home appliance (0.72),Magenta (0.72),Office supplies (0.71),Metal (0.57),Font (0.55),Peripheral (0.52),,,,,,,,,,,,,,
NA,yes,yes,You are good to go.,You are good to go.,https://www.tsa.gov/travel/security-screening/whatcanibring/all?combine=&page=2,y_y_hairdryers.jfif,TXT-CONAIR 1875,OBJ-Home appliance (0.52),White (0.92),Material property (0.80),Font (0.80),Composite material (0.78),Bicycle part (0.75),Metal (0.66),Magenta (0.65),Titanium (0.63),Fashion accessory (0.62),Auto part (0.59),,,,,,,,,
tool,maybe,yes,Tools that could be used as bludgeon are not allowed in carry-on baggage.,Any sharp objects in checked bags should be sheathed or securely wrapped to prevent injury to baggage handlers and inspectors.,https://www.tsa.gov/travel/security-screening/whatcanibring/items/axes-and-hatchets,y_y_hookah.jfif,TXT-,OBJ-Light fixture (0.73),Musical instrument (0.84),Wheel (0.77),Tool (0.75),Liquid (0.74),Gas (0.70),Circle (0.69),Tire (0.67),Metal (0.67),Symbol (0.65),Glass (0.64),,,,,,,,,
electronics,maybe,maybe,Most electonics are allowed in carry-on baggage with a few exceptions like e-lighters.,Most electronics are allowed in check-in baggage with a few exceptions like e-cigaratters,power banks,and e-lighters. Please check more info for details.,https://www.tsa.gov/travel/security-screening/whatcanibring/all?combine=Electronic&page=1,y_y_iphoneCharger.jfif,TXT-,Gas (0.78),Cylinder (0.70),Transparency (0.62),Electronics accessory (0.62),Event (0.61),Circle (0.58),Aluminium (0.56),Science (0.53),Auto part (0.53),Metal (0.53),,,,,,,,
NA,yes,yes,You are good to go.,You are good to go.,https://www.tsa.gov/travel/security-screening/whatcanibring/all?combine=&page=2,y_y_jewelry.jfif,TXT-,OBJ-Necklace (0.96),Natural material (0.89),Creative arts (0.85),Body jewelry (0.84),Art (0.82),Necklace (0.81),Gesture (0.80),Jewellery (0.77),Jewelry making (0.77),Bracelet (0.74),Craft (0.74),,,,,,,,,
NA,yes,yes,You are good to go.,You are good to go.,https://www.tsa.gov/travel/security-screening/whatcanibring/all?combine=&page=2,y_y_knitting_needles.jfif,TXT-,OBJ-Racket (0.60),Wood (0.84),Natural material (0.80),Font (0.71),Art (0.69),Musical instrument accessory (0.58),Twig (0.52),Circle (0.52),,,,,,,,,,,,
NA,yes,yes,You are good to go.,You are good to go.,https://www.tsa.gov/travel/security-screening/whatcanibring/all?combine=&page=2,y_y_lightbulb.jfif,TXT-,OBJ-Light bulb (0.64),Light bulb (0.83),Automotive lighting (0.79),Compact fluorescent lamp (0.73),Fluorescent lamp (0.73),Lamp (0.67),Wood (0.67),Fashion accessory (0.67),Golf (0.66),Metal (0.65),Light fixture (0.64),,,,,,,,,
liquid,maybe,yes,Less than 3.4oz/100 ml allowed,All allowed.,https://www.tsa.gov/travel/security-screening/whatcanibring/items/bottled-water,y_y_lipstick.jfif,TXT-of,OBJ-Lipstick (0.74),Liquid (0.94),Writing implement (0.91),Office supplies (0.89),Writing instrument accessory (0.83),Tints and shades (0.77),Pen (0.74),Lipstick (0.73),Fluid (0.72),Cylinder (0.70),Electric blue (0.70),,,,,,,,,
liquid,maybe,yes,Less than 3.4oz/100 ml allowed,All allowed.,https://www.tsa.gov/travel/security-screening/whatcanibring/items/bottled-water,y_y_medicalMasks.jfif,TXT-,Azure (0.90),Rectangle (0.87),Plastic bottle (0.84),Aqua (0.82),Liquid (0.75),Electric blue (0.74),Health care (0.74),Cylinder (0.74),Plastic (0.72),Linens (0.70),,,,,,,,,,
tool,maybe,yes,Tools that could be used as bludgeon are not allowed in carry-on baggage.,Any sharp objects in checked bags should be sheathed or securely wrapped to prevent injury to baggage handlers and inspectors.,https://www.tsa.gov/travel/security-screening/whatcanibring/items/axes-and-hatchets,y_y_nailClippers.jfif,TXT-TWEEZERMAN,Nail clipper (0.95),Office supplies (0.90),Rectangle (0.81),Font (0.71),Tool (0.71),Metal (0.68),Fashion accessory (0.67),Auto part (0.67),Stationery (0.66),Writing implement (0.65),,,,,,,,,,
food,maybe,yes,Solid food items (not liquids or gels) can be transported in either your carry-on or checked bags. Liquid or gel food items larger than 3.4 oz are not allowed in carry-on bags.,Solid food items and liquids or gels can be transported in your checked bags.,https://www.tsa.gov/travel/security-screening/whatcanibring/items/bread,y_y_nuts.jfif,TXT-,OBJ-Food (0.69),Food (0.98),Plant (0.96),Ingredient (0.89),Tree (0.82),Cuisine (0.81),Staple food (0.79),Produce (0.73),Vegetable (0.73),Dish (0.72),Metal (0.66),,,,,,,,,
NA,yes,yes,You are good to go.,You are good to go.,https://www.tsa.gov/travel/security-screening/whatcanibring/all?combine=&page=2,y_y_pillow.jfif,TXT-,OBJ-Throw pillow (0.94),Brown (0.98),Pillow (0.91),Rectangle (0.84),Comfort (0.83),Ingredient (0.79),Wood (0.79),Beige (0.78),Throw pillow (0.74),Cuisine (0.74),Linens (0.73),,,,,,,,,
NA,yes,yes,You are good to go.,You are good to go.,https://www.tsa.gov/travel/security-screening/whatcanibring/all?combine=&page=2,y_y_plant.jfif,TXT-,OBJ-Houseplant (0.77),OBJ-Flowerpot (0.77),OBJ-Table top (0.55),Plant (0.95),Flowerpot (0.94),Houseplant (0.94),Flower (0.91),Terrestrial plant (0.86),Twig (0.84),Flowering plant (0.77),Herbaceous plant (0.73),Wood (0.71),Art (0.71),,,,,,,
food,maybe,yes,Solid food items (not liquids or gels) can be transported in either your carry-on or checked bags. Liquid or gel food items larger than 3.4 oz are not allowed in carry-on bags.,Solid food items and liquids or gels can be transported in your checked bags.,https://www.tsa.gov/travel/security-screening/whatcanibring/items/bread,y_y_rocks.jfif,TXT-,OBJ-Food (0.74),OBJ-Food (0.73),OBJ-Food (0.73),OBJ-Food (0.72),OBJ-Fruit (0.67),OBJ-Food (0.67),OBJ-Food (0.60),Food (0.97),Fruit (0.89),Ingredient (0.87),Natural foods (0.83),Produce (0.78),Superfood (0.76),Font (0.75),Cuisine (0.75),Bean (0.73),Pebble (0.68),,,
NA,yes,yes,You are good to go.,You are good to go.,https://www.tsa.gov/travel/security-screening/whatcanibring/all?combine=&page=2,y_y_salt.jfif,TXT-MORTON SALT roco TEWT 26 OZ (1 LB, 10 0Z7379,OBJ-Tin can (0.90),Drink (0.86),Ingredient (0.84),Packaging and labeling (0.82),Beverage can (0.81),Font (0.74),Tin can (0.73),Tin (0.72),Aluminum can (0.71),Liqueur (0.67),Metal (0.66),,,,,,,,
food,maybe,yes,Solid food items (not liquids or gels) can be transported in either your carry-on or checked bags. Liquid or gel food items larger than 3.4 oz are not allowed in carry-on bags.,Solid food items and liquids or gels can be transported in your checked bags.,https://www.tsa.gov/travel/security-screening/whatcanibring/items/bread,y_y_seeds.jfif,TXT-,OBJ-Food (0.77),Plant (0.88),Ingredient (0.86),Fruit (0.83),Seed (0.81),Natural foods (0.81),Spice (0.79),Legume family (0.77),Cuisine (0.74),Produce (0.73),Food (0.73),,,,,,,,,
NA,yes,yes,You are good to go.,You are good to go.,https://www.tsa.gov/travel/security-screening/whatcanibring/all?combine=&page=2,y_y_soap.jfif,TXT-,OBJ-Loudspeaker (0.76),OBJ-Tableware (0.59),Dishware (0.90),Rectangle (0.82),Medicine (0.81),Serveware (0.76),Pill (0.75),Circle (0.73),Plastic (0.72),Pharmaceutical drug (0.72),Service (0.71),Font (0.70),,,,,,,,
